title,location,type,date,href_details,details
Trainee - RRII,Tecpetrol,"AR- Neuqu√©n, AR",2 ene 2026,https://careers.techint.com/Tecpetrol/job/AR-Neuqu%C3%A9n-Trainee-RRII/1352860200/,"Tecpetrol busca Trainee para el area de Relaciones Institucionales para trabajar en sus oficinas en Neuqu√©n.
  Principales tareas.
  Gesti√≥n de notas entrantes y salientes de distintos organismos
Administraci√≥n de fechas de vencimiento en las solicitudes de las distintas autoridades de aplicaci√≥n
Redacci√≥n de notas institucionales, de cumplimientos, respuestas a pedidos de informaci√≥n, etc.
Coordinaci√≥n de permisos varios a otros yacimientos
Colaboraci√≥n en la log√≠stica para las visitas de distintos stakeholders a yacimiento. Carga de documentaci√≥n
  Requisitos: 
Estudiantes con al menos el 50% aprobado de la carrera de Adm. de empresas, Ciencias Pol√≠ticas, Abogac√≠a.
Residir en Neuqu√©n Capital o zonas aleda√±as, 
Dispoibilidad part time (20 hs semanales).
  Si te interesa el desaf√≠o.
¬°Postulate!"
Industrial Management Sr. Engineer,Tecpetrol,"AR- Buenos Aires, AR",30 dic 2025,https://careers.techint.com/Tecpetrol/job/AR-Buenos-Aires-Industrial-Management-Sr_-Engineer/1346259000/,"Tecpetrol busca profesionales en Ingenier√≠a Industrial para desempe√±arse como Industrial Management Sr. Engineer en nuestras oficinas de Buenos Aires, Retiro.

Sus principales responsabilidades ser√°n:
Coordinar y ejecutar proyectos de optimizaci√≥n de procesos operativos.
Liderar y capacitar al equipo de trabajo.
Impulsar la implementaci√≥n de mejoras y realizar seguimiento de planes de acci√≥n.
Gestionar el proceso Budget, incluyendo actualizaci√≥n de est√°ndares de perforaci√≥n y terminaci√≥n.
Monitorear la gesti√≥n de est√°ndares y asegurar el cumplimiento del modelo de gesti√≥n industrial.
Requisitos
Formaci√≥n: Ingenier√≠a Industrial
Experiencia: 5 a√±os o m√°s en posiciones similares.
Conocimientos en optimizaci√≥n de procesos y control de gesti√≥n industrial.
Dominio de Excel avanzado y Power BI.
Manejo de metodolog√≠as de resoluci√≥n de problemas.
Lugar de trabajo: Oficinas en Buenos Aires, Retiro.
Disponibilidad para viajes ocasionales a Neuqu√©n y yacimientos.

Suma tu energ√≠a, s√© parte de Tecpetrol."
Business Reporting Analyst,Tecpetrol,"AR- Buenos Aires, AR",7 ene 2026,https://careers.techint.com/Tecpetrol/job/AR-Buenos-Aires-Business-Reporting-Analyst/1348404500/,"En Tecpetrol estamos buscando una persona para sumarse a nuestro equipo como Analista de Proyectos BI en nuestras oficinas de Buenos Aires.
Responsabilidades principales:
Entender los drivers del negocio y relevar necesidades de reporting para traducirlas en requerimientos funcionales para el equipo de IT.
Gestionar plazos, actividades y entregables de los proyectos del √°rea, asegurando calidad y cumplimiento de objetivos.
Ser el referente del proyecto IRIS frente a los distintos sectores de la compa√±√≠a, garantizando la correcta implementaci√≥n de los principios del mismo (conceptos de indicadores, governance, alineaci√≥n entre tracks).
Liderar reuniones de trabajo, realizar seguimiento de actividades y fechas clave, y analizar entregables.
Participar en la generaci√≥n y mantenimiento de indicadores de gesti√≥n.
Realizar pruebas UAT (User Acceptance Testing) de nuevos desarrollos de tableros Power BI, validando funcionalidad y consistencia de datos con los sistemas de origen.
Administrar el backlog de solicitudes de usuarios relacionadas con los tableros desarrollados en el marco del proyecto IRIS.
Colaborar con la gesti√≥n del cambio y la adopci√≥n de los nuevos desarrollos por parte de los usuarios.
Velar por el cumplimiento de la norma de gesti√≥n de tableros y acompa√±ar su implementaci√≥n en las distintas √°reas.
Participar activamente en el programa Citizen BI, detectando necesidades y acompa√±ando a cada sector en el desarrollo de su reporting junto con sus referentes.
Asegurar el mantenimiento de la plataforma de reportes en Power BI (UTF) y colaborar en la implementaci√≥n de Microsoft Fabric.
  Requisitos del perfil:
Formaci√≥n acad√©mica
T√≠tulo universitario en Ingenier√≠a, Sistemas, Administraci√≥n de Empresas, Econom√≠a o carreras afines.
Habilidades personales
Capacidad anal√≠tica y orientaci√≥n al detalle.
Habilidades de comunicaci√≥n y facilitaci√≥n con equipos multidisciplinarios.
Autonom√≠a para liderar proyectos y gestionar m√∫ltiples stakeholders.
Enfoque organizativo y orientaci√≥n a resultados.
¬°Sumate a nuestro equipo y potenci√° tu carrera en Tecpetrol!"
Labor Legal Counsel,Holding,"AR- Buenos Aires, AR",7 ene 2026,https://careers.techint.com/job/AR-Buenos-Aires-Labor-Legal-Counsel/1341772000/,"En el Grupo Techint te ofrecemos un espacio de crecimiento profesional, con un plan de capacitaci√≥n adaptado a tus necesidades y la posibilidad de hacer carrera todos los d√≠as. Vas a poder desempe√±arte dentro de equipos que persiguen la excelencia y buscan siempre aprender en conjunto, aportando conocimiento e innovaci√≥n en cada proyectoüöÄ
Si est√°s graduado de la carrera de Abogacia, tenemos una vacante para vos como Labor Legal Counsel para trabajar en nuestras oficinas en Retiro en nuestra Direcci√≥n Corporativa Legal (DILEG).
La Direcci√≥n Legal brinda asesoramiento jur√≠dico integral en diversas √°reas: Contratos Comerciales, Derecho Societario, Mercado de Capitales, Tributario, Laboral, Contencioso Administrativo, Petr√≥leo y Energ√≠a, Financiero, Penal y Aduanero. ‚öñÔ∏è
  üìù Principales responsabilidades
‚Ä¢ Gesti√≥n de expedientes judiciales laborales: redacci√≥n de escritos, seguimiento de causas y estrategia procesal.
‚Ä¢ Contestaci√≥n de demandas y telegramas laborales, alineadas con la posici√≥n jur√≠dica del Grupo.
‚Ä¢ Asesoramiento transversal a las distintas unidades de negocio.
‚Ä¢ Visitas a plantas industriales en Campana, San Nicol√°s y eventualmente otras ubicaciones de CABA-GBA.
‚Ä¢ Seguimiento de cambios legislativos y jurisprudenciales relevantes.
‚Ä¢ Participaci√≥n en negociaciones laborales y auditor√≠as internas.
  üéì Requisitos
‚Ä¢ T√≠tulo de Abogado/a, con al menos 3 a√±os de graduaci√≥n.
‚Ä¢ Experiencia m√≠nima de 3 a√±os en Derecho Laboral, preferentemente en estudios jur√≠dicos o empresas industriales.
‚Ä¢ Conocimiento s√≥lido del marco normativo laboral argentino.
‚Ä¢ Habilidades de redacci√≥n jur√≠dica, an√°lisis cr√≠tico y comunicaci√≥n efectiva.
‚Ä¢ Disponibilidad para recorrer plantas industriales del Grupo (Campana, San Nicol√°s, Florencio Varela, Canning, Ensenada, Haedo, entre otras).
   ¬°Postulate!"
Legal Trainee,Holding,"AR- Buenos Aires, AR",10 dic 2025,https://careers.techint.com/job/AR-Buenos-Aires-Legal-Trainee/1348710300/,"En el Grupo Techint te ofrecemos un espacio de crecimiento profesional, con un plan de capacitaci√≥n adaptado a tus necesidades y la posibilidad de hacer carrera todos los d√≠as. Vas a poder desempe√±arte dentro de equipos que persiguen la excelencia y buscan siempre aprender en conjunto, aportando conocimiento e innovaci√≥n en cada proyecto.
Si est√°s estudiando Abogac√≠a y tenes m√°s del 50% de la carrera aprobada, tenemos una vacante para vos como Legal Trainee en nuestras oficinas en Retiro.
Principales responsabilidades:
‚Ä¢ B√∫squeda de jurisprudencia, doctrina y legislaci√≥n y redacci√≥n de informes sobre temas comerciales, civiles, administrativos y aduaneros.
‚Ä¢ Ejecutar gestiones presenciales y a distancia en Tribunales y diversos organismos p√∫blicos.
‚Ä¢ Asistir al equipo de litigios en la preparaci√≥n de escritos y notificaciones
‚Ä¢ Revisi√≥n de contratos.
  Requisitos:

Estudiantes de la carrera de Abogac√≠a con m√°s del 50% cursado y aprobado.
Nivel Ingl√©s intermedio-avanzado.
  ¬°Postulate!"
HSE Analyst,Tecpetrol,"AR- Buenos Aires, AR",12 dic 2025,https://careers.techint.com/Tecpetrol/job/AR-Buenos-Aires-HSE-Analyst/1349377100/,"En Tecpetrol estamos buscando un/a Joven Profesional para sumarse a la Direcci√≥n Corporativa de Seguridad, Ambiente y Salud (SAS) en nuestras oficinas de Buenos Aires.
La posici√≥n tendr√° como objetivo colaborar en la gesti√≥n estrat√©gica y operativa del √°rea, asegurando el cumplimiento de los est√°ndares, lineamientos y objetivos corporativos definidos, contribuyendo al desarrollo sostenible de las operaciones del Grupo Techint.
  Responsabilidades principales:
Brindar soporte en la gesti√≥n de emisiones de gases de efecto invernadero, incluyendo su cuantificaci√≥n y la identificaci√≥n de proyectos de reducci√≥n.
Recopilar, analizar y consolidar informaci√≥n de seguridad, ambiente y salud para la elaboraci√≥n del Reporte de Sostenibilidad de Tecpetrol.
Realizar el seguimiento del cumplimiento de est√°ndares corporativos y de la normativa legal aplicable en materia de Seguridad, Ambiente y Salud.
Identificar, proponer e implementar oportunidades de mejora en procesos y gesti√≥n de datos vinculados a seguridad, ambiente y salud.
Participar activamente en proyectos transversales del √°rea, contribuyendo con una mirada anal√≠tica, innovadora y orientada a la mejora continua.
  Requisitos:
Graduados/as o pr√≥ximos a graduarse de las carreras de Ingenier√≠a Ambiental, Industrial, Qu√≠mica, en Petr√≥leo o afines.
Nivel avanzado de ingl√©s.
Manejo intermedio/avanzado de Excel y herramientas de an√°lisis de datos.
Disponibilidad para realizar rotaciones geogr√°ficas.
Un a√±o de experiencia en posiciones similares (deseable).
  Conocimientos valorados:
Gesti√≥n de emisiones de gases de efecto invernadero y criterios de sostenibilidad.
Gesti√≥n y visualizaci√≥n de datos (SharePoint, Power BI, Power Automate u otras herramientas similares).
Marco legal de Seguridad, Ambiente y Salud aplicable a la industria hidrocarbur√≠fera.
Proactividad para identificar, proponer y desarrollar oportunidades de mejora.
Comunicaci√≥n efectiva y capacidad de trabajo colaborativo con distintas √°reas.
Habilidades interpersonales para transmitir e impulsar la cultura de seguridad, ambiente y salud en la organizaci√≥n.
Responsabilidad y orientaci√≥n a resultados, agregando valor a trav√©s de soluciones de calidad.
  ¬°Si te interesa formar parte de este desaf√≠o, postulate y sumate a nuestro equipo!"
Supervisor de Integridad y Tratamientos Qu√≠micos,Tecpetrol,"AR- Rinc√≥n de los Sauces, AR",4 ene 2026,https://careers.techint.com/Tecpetrol/job/AR-Rinc%C3%B3n-de-los-Sauces-Supervisor-de-Integridad-y-Tratamientos-Qu%C3%ADmicos/1341313800/,"En Energy Field Services, buscamos incorporar Supervisor/a de Integridad y Tratamientos Qu√≠micos dentro de la Direcci√≥n de Mantenimiento e Integridad. 
Ser√° su misi√≥n liderar el seguimiento y cumplimiento de los planes de inspecci√≥n y tratamientos, implementaci√≥n y optimizaci√≥n en proceso claves de las instalaciones, garantizar el rendimiento eficiente y seguro de las operaciones para las cuales desarrollar√° su actividad, velando por el cumplimiento del compromiso con el medio ambiente y la seguridad en todas las actividades que se realicen con distintas contratistas
Responsabilidades principales
 Supervisar√° las actividades de campo del sector Qu√≠micos e Integridad, con el objetivo de asegurar el cumplimiento no s√≥lo de las actividades, sino que tambi√©n debe asegurar las condiciones operativas de seguridad para su ejecuci√≥n.
Coordinar√° con los dem√°s sectores todos los servicios necesarios para una determinada labor tanto del sector Qu√≠micos como de Integridad. 
Coordinar√° las reparaciones de bombas dosificadoras . 
Realizar√° la gesti√≥n de permisos de trabajo, asegurando que las contratistas cuenten tanto con las condiciones de seguridad como as√≠ tambi√©n con la documentaci√≥n solicitada por Tecpetrol.
Propondr√° cambios en los puntos de dosificaci√≥n seg√∫n los cambios de piping que se realizan en el campo.
Reconocer√° el tratamiento a escala campo e informar√° al Ingeniero de Tratamientos Qu√≠micos para realizar mejoras operativas, asegurando la dosificaci√≥n en campo.
Preparar√° informes operativos que le solicite el Ingeniero de Tratamientos Qu√≠micos y el Ingeniero de Integridad.
Dar√° cumplimiento a los procedimientos operativos de la Gerencia de Mantenimiento.
Gestionar√° la integridad, la disponibilidad y la confiabilidad de los equipos contenedores de energ√≠a, de mitigaci√≥n, de monitoreo, y de alivio de presi√≥n de las instalaciones de superficie.
 Deber√° velar por el buen funcionamiento de los equipos, ejecutando inspecciones y reparaciones de acuerdo con los plazos establecidos en los planes.
 Armar√° la ejecuci√≥n de los planes de Integridad con el fin de cumplir con la confiabilidad de cada Planta y equipamiento que est√© en funcionamiento en campo.
Relevar√° informaci√≥n operativa, de laboratorio y de condici√≥n de inspecciones. 
Ejecutar√° an√°lisis e interpretaci√≥n de datos de los informes para toma de decisiones. 
Planificar√°, Coordinar√° y Controlar√° la reposici√≥n de productos y consumos tanto en campo como en fracturas.
Monitorear√° los resultados de las acciones implementadas que surjan de los planes de Ingenier√≠a de Tratamientos Qu√≠micos y de Ingenier√≠a de Integridad. 
Ser√° el responsable de hacer cumplir el plan de muestreo en campo, bajo los standares operacionales de Tecpetrol. 
Requisitos
Formaci√≥n:
T√©cnico Qu√≠mico o T√©cnico en petr√≥leo
Experiencia:
M√≠nimo 5 a√±os en sectores afindes del rubro petr√≥leo y gas en tareas afines a la supervisi√≥n y/o Tratamientos Qu√≠micos e Integridad. 
Se valora:
Capacidad de trabajar en equipo.
Capacidad de liderar equipos. 
Apertura al cambio. 
Gesti√≥n de Contratos. 
Habilidades de comunicaci√≥n. 
Gesti√≥n de recursos de inspecci√≥n e intervenci√≥n 
R√©gimen de trabajo: Diagrama 7x7 en Yacimiento Los Toldos."
Operations Technology Maint. Coordinator,Tecpetrol,"AR- Neuqu√©n, AR",26 dic 2025,https://careers.techint.com/Tecpetrol/job/AR-Neuqu%C3%A9n-Operations-Technology-Maint_-Coordinator/1309610700/,"Energy Field Services busca Operations Technology Maint. Engineer para prestar servicios en Los Toldos.  
Ser√° su responsabilidad realizar el mantenimiento de los distintos sistemas Scada, PLCs, equipos de comunicaciones y equipamientos en general de automatizaci√≥n de todos los yacimientos de la cuenca.
Se requieren 5 a√±os de experiencia m√≠nima y conocimientos s√≥lidos en desarrollo y programaci√≥n de l√≥gicas en equipos de control y comunicaciones de campo.
Se valorar√° conocimientos de Programaci√≥n de PLC (Siemens y Allen Bradley) y Scada Siemens (Wincc Prof / Wincc OA); DCS Emerson Delta V. Deber√° conocer las distintas tecnolog√≠as aplicadas al control y comunicaci√≥n de sistemas de control y seguridad aplicadas en la industrial del Oil&Gas as√≠ como tambi√©n trabajar bajo estrictos est√°ndares de ciberseguridad.
Deber√° tener conocimiento de sistema de gesti√≥n SAP, manejando avisos y ordenes de trabajo. Deber√° contar con conocimiento de estrategias de mantenimientos preventivos."
Junior Company Representative,Tecpetrol,"AR- Neuqu√©n, AR",3 ene 2026,https://careers.techint.com/Tecpetrol/job/AR-Neuqu%C3%A9n-Junior-Company-Representative/1340901800/,"En Tecpetrol estamos buscando j√≥venes graduados de la tecnicatura en perforaciones para sumarse a la Direcci√≥n de Perforaci√≥n y Workover como Junior Company Representative en nuestras operaciones en Neuqu√©n.
Se sumar√°n a un programa que tiene como objetivo formar una nueva generaci√≥n de supervisores de campo con visi√≥n integral, criterio t√©cnico, liderazgo operativo y capacidad de adaptaci√≥n a los desaf√≠os de la industria. A trav√©s de esta experiencia podr√°s conocer tres direcciones clave  ‚ÄîPerforaci√≥n, Completaci√≥n y Workover. 

Cada junior company representative se incorporar√° como asistente del Company Man, participando activamente en la supervisi√≥n de operaciones, el control de contratistas, la gesti√≥n de desv√≠os y el cumplimiento de est√°ndares HSE.
Se promueve el aprendizaje pr√°ctico, el trabajo colaborativo con equipos multidisciplinarios y la exposici√≥n a distintos entornos operativos.
  Objetivos espec√≠ficos:
- Comprender el ciclo completo de construcci√≥n de pozos.
- Desarrollar criterio operativo y capacidad de toma de decisiones en campo.
- Familiarizarse con los sistemas de reporte, control y planificaci√≥n.
- Participar en reuniones de seguimiento y an√°lisis de performance.
- Recibir mentor√≠a directa de Company Man y l√≠deres t√©cnicos.
  üìç Requisitos acad√©micos: Graduados recientes de la tecnicatura o de Ing. en perforaciones
¬°Sumate a nuestro equipo y potenci√° tu carrera en Tecpetrol! "
INTEGRITY SUPERVISOR,Tecpetrol,"AR- Neuqu√©n, AR",10 dic 2025,https://careers.techint.com/Tecpetrol/job/AR-Neuqu%C3%A9n-INTEGRITY-SUPERVISOR/1334205200/,"Energy Field Services se encuentra en la b√∫squeda de un/a Supervisor/a de Integridad para sus operaciones en Neuqu√©n.
Responsabilidades principales:
Garantizar la integridad, disponibilidad y confiabilidad de los equipos contenedores de energ√≠a, mitigaci√≥n, monitoreo y alivio de presi√≥n en instalaciones de superficie.
Ejecutar inspecciones y reparaciones conforme a los plazos establecidos en los planes de mantenimiento.
Elaborar planes de integridad para asegurar la confiabilidad de cada planta y equipamiento en funcionamiento en campo.
Requisitos:
Experiencia previa en roles de Mantenimiento e Integridad.
Conocimientos en protecci√≥n cat√≥dica, limpieza de ductos, montaje y desmontaje de equipos.
Capacidad de liderazgo de equipos.
Proactividad y apertura al cambio.
Gesti√≥n de contratos y recursos de inspecci√≥n/intervenci√≥n.
Si te interesa formar parte de un equipo din√°mico y orientado a la excelencia operativa, ¬°te invitamos a postularte!
 "
Services Coordinator,Tecpetrol,"AR- Neuqu√©n, AR",27 dic 2025,https://careers.techint.com/Tecpetrol/job/AR-Neuqu%C3%A9n-Services-Coordinator/1331094000/,"Energy Field Services busca t√©cnico para la posici√≥n de Coordinador de Servicios en nuestras operaciones en Neuqu√©n.
Lugar de Trabajo: Yacimientos donde opera EFIS
Principales responsabilidades:       
Generar los diagramas del personal afectado al servicio.
Asegurar los servicios, gestionando el personal de la manera m√°s efectiva y organizada posible.
Liderar guardias y optimizar los recursos afectados a las mismas.
Participar en la confecci√≥n de pr√°cticas operativas, procedimientos y revisiones.
Proponer soluciones a problemas repetitivos.
Armar informes de estado de instalaciones y proponer plan de mejoras
Colaborar con el seguimiento de las tareas asignadas a las diferentes cuadrillas.
Trabajar en equipo para lograr el cumplimiento de los indicadores del sector (KPI‚Äôs).
Control de servicios externos.
Participar en el seguimiento de reparaciones en talleres de terceros.
Asegurar la gesti√≥n de provisi√≥n de las herramientas necesarias de las diferentes cuadrillas a cargo.
Velar por la seguridad de los equipos de trabajo a cargo.
Asegurar y gestionar el buen estado de los m√≥viles e instalaciones del equipo a cargo.
Colaborar en el desarrollo de buenas pr√°cticas que ayuden a la seguridad y calidad del servicio y las personas.
Asegurar y gestionar la certificaci√≥n de las diferentes herramientas.
Mantener la vigencia de las aptitudes del personal.
Gestionar y controlar las habilitaciones del personal a cargo.
Requisitos Deseables: 
Experiencia m√≠nima de 3 a√±os en la industria Oil & Gas en posiciones similares.Buen manejo de Paquete Office. Fuertes habilidades interpersonales.
 "
MAINTENANCE SUPERVISOR,Tecpetrol,"AR- Neuqu√©n, AR",24 dic 2025,https://careers.techint.com/Tecpetrol/job/AR-Neuqu%C3%A9n-MAINTENANCE-SUPERVISOR/1345457400/,"Energy Field Services busca Profesionales con experiencia en el √°rea de Mantenimiento para la posici√≥n de Maintenance Supervisor en nuestras operaciones en Neuqu√©n.    
Principales responsabilidades:
- Trabajar en conjunto con ingenier√≠a de mantenimiento para planificar y ejecutar en campo el programa de mantenimiento confeccionado.
- Asegurarse el correcto cumplimiento de las pol√≠ticas de SAS (Seguridad Ambiente y Salud) en todas las tareas que se desarrollen en campo.
- Asegurar la disponibilidad de repuestos para los equiposCumplir con los indicadores de gesti√≥n del sector seg√∫n los objetivos propuestos.
- Promover las mejoras de los planes y programas de mantenimiento.Identificar las necesidades de capacitaci√≥n y programar programas para mejorar las habilidades t√©cnicas.
- Realizar informes preliminares de falla.Liderar grupo de trabajo propio y servicios externos.

Requisitos:
- Conocimientos de equipos rotantes.
- Experiencia en el manejo de personal (directa e indirectamente).
- Predisposici√≥n para el trabajo en equipo.
- Buen manejo de relaciones interpersonales.
- Se valorar√° conocimiento en Motores diesel, equipos ‚ÄúBlender‚Äù y cintas transportadoras.
- Experiencia en log√≠stica
Modalidad: Presencial en yacimientos, lunes a viernes."
IT Service Desk Analyst,Tecpetrol,"AR- Neuqu√©n, AR",31 dic 2025,https://careers.techint.com/Tecpetrol/job/AR-Neuqu%C3%A9n-IT-Service-Desk-Analyst/1346729200/,"Tecpetrol busca IT Service Desk Analyst  para desempe√±arse con una modalidad de diagrama 7x7 en operaci√≥n Los Toldos (Rincon de Los Sauces.
Se requieren m√°s de 3 a√±os de experiencia brindando Soporte T√©cnico a usuarios finales y en mesa de ayuda, manejando distintas herramientas de IT.
Ser√°n sus funciones principales:
‚Ä¢‚ÄÉ‚ÄÉProveer soporte t√©cnico especializado en problemas de software, para casos de defecto, uso en sistemas o aplicaciones de software de base.
‚Ä¢‚ÄÉ‚ÄÉPreparaci√≥n y soporte de Salas de Reuni√≥n integradas con MS TEAMS, (Cisco, MTR)
‚Ä¢‚ÄÉ‚ÄÉConectividad remota (Cliente VPN Cisco, MFA)
‚Ä¢‚ÄÉ‚ÄÉProblemas, incidentes, soporte sobre infraestructura de red Local de las Oficinas de Los Toldos, Active Directory, Exchange 
‚Ä¢‚ÄÉ‚ÄÉProblemas, incidentes, soporte sobre infraestructura de comunicaciones: Enlaces WAN, Telefon√≠a, TEAMS.
‚Ä¢‚ÄÉ‚ÄÉProblemas, incidentes, soporte sobre aplicaciones: SAP, Intranet, Dinnero, etc.
‚Ä¢‚ÄÉ‚ÄÉGesti√≥n contingencia internos telef√≥nicos
‚Ä¢‚ÄÉ‚ÄÉInstalar, reemplazar y configurar: Notebooks, Smartphones corporativos, Monitores, Perif√©ricos, solicitud de garant√≠as de equipamiento. 
‚Ä¢‚ÄÉ‚ÄÉRegistrar y mantener actualizado el parque inform√°tico en la plataforma de activos: Invgate Assets.
‚Ä¢‚ÄÉ‚ÄÉArmado y mantenimiento de im√°genes de Sistema Operativo de Tecpetrol.
‚Ä¢‚ÄÉ‚ÄÉMigraci√≥n de los datos del usuario en caso de cambio de equipo, por obsolescencia o rotura de este.
‚Ä¢‚ÄÉ‚ÄÉReparaciones r√°pidas o cambio de partes en el puesto de trabajo del usuario.
‚Ä¢‚ÄÉ‚ÄÉOptimizaci√≥n de equipos: revisi√≥n de estos, updates de sistemas operativos/apps, agregado de memoria, etc.
‚Ä¢‚ÄÉ‚ÄÉVerificar el cumplimiento de est√°ndar de software para PC, informando por escrito los desv√≠os detectados al √°rea de Tecnolog√≠a de Tecpetrol.
  Conocimientos espec√≠ficos:
Apple: Conocimiento de configuraci√≥n, migraci√≥n de informaci√≥n y respaldos de celulares iPhone.
Android: Conocimiento de configuraci√≥n, migraci√≥n de informaci√≥n y respaldos de celulares Android.
Windows: Amplio conocimiento y manejo avanzado del SO W10, troubleshooting, implementaci√≥n de im√°genes de SO, conocimientos avanzados de TCP/IP
MS Office: Conocimientos avanzados de Office 2016 o 365. Manejo avanzado de cliente Outlook, delegaci√≥n de permisos, conocimientos s√≥lidos de Excel y sus funciones, conocimiento de diagn√≥stico.
Se valorar√° el conocimiento de aplicaciones de MDM (Administraci√≥n de Celulares).
Mantenimiento y configuraci√≥n de PC/Laptops en general
Conocimiento de administraci√≥n en herramientas Asset management.
Conocimientos de ITIL, se valorar√° la certificaci√≥n.
Seguimiento y monitoreo de tickets de usuarios.
Identificar, analizar y resolver problemas t√©cnicos de conectividad, hardware, software, gestionando en caso de ser necesario las mismas con los segundos niveles de Soporte o con Proveedores.
  Si te interesa, ¬°Postulate!"
Programador Senior,Tecpetrol,"AR- Neuqu√©n, AR",11 dic 2025,https://careers.techint.com/Tecpetrol/job/AR-Neuqu%C3%A9n-Programador-Senior/1349110500/,"En Energy Field Services buscamos un/a Programador/a Senior para desempe√±arse en la Gerencia de Mantenimiento. 
Principales responsabilidades:
Elaborar el programa de trabajo de la gerencia.
Coordinar recursos humanos y materiales para su ejecuci√≥n.
Monitorear el cumplimiento del programa, reportar y reprogramar desv√≠os.
Facilitar la guarda de datos generados durante la ejecuci√≥n.
Calcular los KPI de la gerencia.
Requisitos: 
Experiencia s√≥lida en programaci√≥n y planificaci√≥n de mantenimiento en entornos industriales.
Conocimiento en herramientas de gesti√≥n y an√°lisis de datos.
Formaci√≥n: Ingenier√≠a Mec√°nica, Electr√≥nica, Industrial o afines.
Deseable manejo de software de planificaci√≥n y herramientas de reporting.
Experiencia m√≠nima de 5 a√±os en puestos similares."
Analista de Calidad Senior,Tecpetrol,"AR- Neuqu√©n, AR",11 dic 2025,https://careers.techint.com/Tecpetrol/job/AR-Neuqu%C3%A9n-Analista-de-Calidad-Senior/1349111200/,"En Energy Field Services buscamos Ingeniero/a para desempe√±arse como Analista Senior de Calidad, quien ser√° responsable de contribuir y complementar el Sistema de Gesti√≥n de Calidad (SGC) de Tecpetrol, realizando diagn√≥sticos, dise√±ando la organizaci√≥n de calidad, sus procesos y herramientas.
Ser√° referente en operaciones para revisar procesos alcanzados por el SGC, difundir herramientas mediante capacitaciones y brindar soporte en la gesti√≥n de lecciones aprendidas, gesti√≥n del cambio, investigaci√≥n de eventos, no conformidades, gesti√≥n documental y liderazgo en auditor√≠as.
Requisitos: 
Experiencia m√≠nima de 6 a√±os en funciones de calidad similares en compa√±√≠as de Oil & Gas.
Certificaciones en Sistemas de Gesti√≥n de Calidad.
Manejo de Power BI.
Formaci√≥n: Ingenier√≠a Industrial, Mec√°nica, Qu√≠mica o afines.
Disponibilidad para trabajar en operaciones.
 "
LICENSEE QUALITY TRAINEE,Tenaris,"AR- Campana, AR",17 dic 2025,https://careers.techint.com/Tenaris/job/AR-Campana-LICENSEE-QUALITY-TRAINEE/1350610100/," 
    En el Grupo Techint te ofrecemos un espacio de crecimiento profesional, con un plan de capacitaci√≥n adaptado a tus necesidades y la posibilidad de hacer carrera todos los d√≠as. Vas a poder desempe√±arte dentro de equipos que persiguen la excelencia y buscan siempre aprender en conjunto, aportando conocimiento e innovaci√≥n en cada proyectoüöÄ
  Si est√°s estudiando Ingenier√≠a en Sistemas, Inform√°tica o afines  y tenes m√°s del 50% de la carrera aprobada, tenemos una vacante para vos como LICENSEE QUALITY TRAINEE para trabajar en nuestra planta de Campana.
  Principales responsabilidades:
En este puesto, la persona ser√° responsable de asistir en el proyecto de traducci√≥n de los documentos t√©cnicos del √°rea MASE, incluyendo procedimientos de inspecci√≥n de roscas, instructivos y especificaciones de conexiones. El objetivo principal ser√° garantizar que cada nuevo documento emitido cuente con una traducci√≥n precisa y actualizada, mejorando de forma continua el proceso de gesti√≥n documental.
El rol implica una interacci√≥n constante con sistemas, equipos de distintas √°reas y plantas ubicadas en diversos pa√≠ses, as√≠ como con el √°rea de IT, brindando soporte en herramientas inform√°ticas y bases de datos. La persona deber√° colaborar en la automatizaci√≥n y optimizaci√≥n de procesos mediante el uso de macros en Excel y programas desarrollados en JavaScript, HTML o Python, acompa√±ando adem√°s la implementaci√≥n de nuevas tareas y mejoras.
El puesto est√° orientado a alguien con inter√©s en el desarrollo de proyectos de IT, la mejora continua y la integraci√≥n de herramientas digitales, con capacidad para trabajar en un entorno internacional, din√°mico y colaborativo.
  Requisitos:
  Estudiantes de Sistemas, Inform√°tica o afines con el 50% de la carrera aprobada con finales.
Ingl√©s avanzado.
Conocimientos avanzados en Excel.
  Tenaris te ofrece la posibilidad de crear algo nuevo e incre√≠ble cada d√≠a.
¬°Te invitamos a que lo descubras, post√∫late!üôå"
Personnel Administration Trainee,Tenaris,"AR- Campana, AR",22 dic 2025,https://careers.techint.com/Tenaris/job/AR-Campana-Personnel-Administration-Trainee/1351426900/,"En el Grupo Techint te ofrecemos un espacio de crecimiento profesional, con un plan de capacitaci√≥n adaptado a tus necesidades y la posibilidad de hacer carrera todos los d√≠as. Vas a poder desempe√±arte dentro de equipos que persiguen la excelencia y buscan siempre aprender en conjunto, aportando conocimiento e innovaci√≥n en cada proyectoüöÄ
  Si est√°s estudiando Recursos Humanos, Administraci√≥n de Empresas, Contabilidad o afines  y tenes m√°s del 50% de la carrera aprobada, tenemos una vacante para vos como Personnel Administration Trainee para trabajar en nuestra planta de Campana.
  Principales responsabilidades:
Asistencia al √°rea de administraci√≥n de personal.
Manejo de bases de datos, asistencia en temas legales, respuesta de demandas, env√≠o de cartas documentos.
Gesti√≥n de cuentas bancarias y obras sociales, centralizar procesos de otras locaciones.
Cuando est√© de manera presencial, deber√° realizar atenci√≥n al cliente interno.
  Requisitos:
  Estudiantes de Recursos Humanos, Administraci√≥n de Empresas, Contabilidad con el 50% de la carrera aprobada con finales.
Ingl√©s Intermedio.
Conocimientos avanzados en Excel.
  Tenaris te ofrece la posibilidad de crear algo nuevo e incre√≠ble cada d√≠a.
¬°Te invitamos a que lo descubras, post√∫late!üôå"
ACCOUNTING & REPORTING TRAINEE,Tenaris,"AR- Campana, AR",30 dic 2025,https://careers.techint.com/Tenaris/job/AR-Campana-ACCOUNTING-&-REPORTING-TRAINEE/1352540400/,"En el Grupo Techint te ofrecemos un espacio de crecimiento profesional, con un plan de capacitaci√≥n adaptado a tus necesidades y la posibilidad de hacer carrera todos los d√≠as. Vas a poder desempe√±arte dentro de equipos que persiguen la excelencia y buscan siempre aprender en conjunto, aportando conocimiento e innovaci√≥n en cada proyectoüöÄ
  Si estudi√°s Contabilidad y tenes el 50% de la carrera cursada y aprobada, y tenes disponibilidad para trabajar part time, tenemos una vacante para vos como ACCOUNTING & REPORTING TRAINEE
para trabajar en el √°rea de Acer√≠a en nuestra planta de Campana.
  Principales responsabilidades:
  Reporting es un √°rea que se enfoca en, justamente, reportar los estados contables de las 8 sociedades Tenaris que se administran desde Argentina. Esto incluye cierres mensuales y trimestrales (bajo norma IFRS) a la casa matriz en Luxemburgo, as√≠ como tambi√©n la emisi√≥n de balances locales en cumplimiento con la normativa Argentina. Para alcanzar estos objetivos se desarrollan una serie de tareas enfocadas en registrar, controlar y completar informaci√≥n vinculadas con la contabilidad.  En el primer trimestre del a√±o se concentran, de manera simult√°nea, los tres cierres antes mencionados lo cual lo convierte en la etapa con mayor carga de trabajo. 
  Responsabilidades: 
Llevar a cabo tareas vinculadas con la emisi√≥n de los estado contables bajo norma local a trav√©s de la confecci√≥n de distintos papeles de trabajo, entre los que se encontrar√°n: 
Relevamiento de informaci√≥n de distintos sectores de la compa√±√≠a para elaborar la memoria de las sociedades 
Armado de notas y anexos de los estados contables (plazos, anexos en moneda extranjera, etc) 
Calculo de ajuste por inflaci√≥n general para todas las sociedades
Ser√° soporte de los analistas del sector que lideran el armado general de las sociedades, lo que implicar√° un v√≠nculo directo con cada uno de ellos.
  Requisitos:
  Ser estudiante de Contabilidad y tener el 50% de la carrera cursada y aprobada
Ingl√©s intermedio
Conocimientos avanzados en Excel.
    Tenaris te ofrece la posibilidad de crear algo nuevo e incre√≠ble cada d√≠a.
¬°Te invitamos a que lo descubras, post√∫late!üôå"
Process Technology Analyst,Tenaris,"AR- Campana, AR",30 dic 2025,https://careers.techint.com/Tenaris/job/AR-Campana-Process-Technology-Analyst/1352496700/,"En el Grupo Techint te ofrecemos un espacio de crecimiento profesional, con un plan de capacitaci√≥n adaptado a tus necesidades y la posibilidad de hacer carrera todos los d√≠as. Vas a poder desempe√±arte dentro de equipos que persiguen la excelencia y buscan siempre aprender en conjunto, aportando conocimiento e innovaci√≥n en cada proyectoüöÄ
  Si sos graduado o pr√≥ximo a graduarte de la carrera de Ingeneria Qu√≠mica, en Materiales o Mec√°nica, y tenes disponibilidad para trabajar full time, tenemos una vacante para vos como Process Technology Analyst para trabajar en el √°rea de Acer√≠a en nuestra planta de Campana.
  Principales responsabilidades:
  ‚Ä¢             Controlar y analizar el proceso productivo de la acer√≠a, dedicando gran parte del tiempo al seguimiento de variables de proceso.
‚Ä¢             Detectar desv√≠os operativos, analizar causas ra√≠z y proponer soluciones t√©cnicas.
‚Ä¢             Analizar datos de producci√≥n y calidad de cada colada.
‚Ä¢             Trabajar con recetas metal√∫rgicas y par√°metros del proceso de fabricaci√≥n de acero.
‚Ä¢             Interactuar en planta con operadores y supervisores para el an√°lisis de situaciones reales de proceso.
‚Ä¢             Desarrollar y mantener reportes y tableros de control utilizando Excel y Power BI.
‚Ä¢             Analizar grandes vol√∫menes de datos y transformarlos en informaci√≥n para la toma de decisiones.
‚Ä¢             Participar en proyectos de mejora junto a equipos locales y globales, incluyendo interacci√≥n con otras plantas de Tenaris del mundo.
‚Ä¢             Participar en el seguimiento de temas de calidad.
‚Ä¢             Registrar y dar seguimiento a iniciativas de mejora, documentando resultados.
‚Ä¢             Promover y cumplir estrictamente los est√°ndares de seguridad. 
  Requisitos:
  Graduado o pr√≥ximo a graduarte de la carrera de Ingeneria Qu√≠mica, en Materiales o Mec√°nica
Ingl√©s intermedio - avanzado.
Conocimientos avanzados en Excel.
Conocimiento y uso de herramientas de an√°lisis de datos
Power BI (conocimiento fundamental)
Manejo de grandes vol√∫menes de datos de proceso
Conocimientos de procesos industriales continuos (deseable siderurgia / acer√≠a)
    Tenaris te ofrece la posibilidad de crear algo nuevo e incre√≠ble cada d√≠a.
¬°Te invitamos a que lo descubras, post√∫late!üôå"
Project Engineer Trainee,Tenaris,"AR- Campana, AR",30 dic 2025,https://careers.techint.com/Tenaris/job/AR-Campana-Project-Engineer-Trainee/1352565400/,"En el Grupo Techint te ofrecemos un espacio de crecimiento profesional, con un plan de capacitaci√≥n adaptado a tus necesidades y la posibilidad de hacer carrera todos los d√≠as. Vas a poder desempe√±arte dentro de equipos que persiguen la excelencia y buscan siempre aprender en conjunto, aportando conocimiento e innovaci√≥n en cada proyectoüöÄ
  Si estudi√°s Ingenier√≠a Mec√°nica o Electromec√°nica y tenes el 50% de la carrera cursada y aprobada, y tenes disponibilidad para trabajar part time, tenemos una vacante para vos como Project Engineer Trainee para trabajar en el √°rea de Acer√≠a en nuestra planta de Campana.
  Principales responsabilidades:
  √Årea de proyectos, donde toman una necesidad, la analizan, piensan una soluci√≥n, la cotizan y la llevan a cabo.  Va a participar y acompa√±ar en proyectos de gran impacto relacionados con montaje de ca√±er√≠a de gas natural y piping. Por ejemplo, en proyectos de instalaciones, ampliaciones, de alguna modificaci√≥n que se requiera referida a todo lo que es gas natural. Todos sus proyectos est√°n relacionados a la seguridad y prevenci√≥n de accidentes.
  Requisitos:
  Ser estudiante de Ingenier√≠a Mec√°nica o Electromec√°nica y tener el 50% de la carrera cursada y aprobada
Ingl√©s intermedio
Conocimientos avanzados en Excel.
  Tenaris te ofrece la posibilidad de crear algo nuevo e incre√≠ble cada d√≠a.
¬°Te invitamos a que lo descubras, post√∫late!üôå"
Health & Safety Analyst,Tenaris,"AR- Campana, AR",2 ene 2026,https://careers.techint.com/Tenaris/job/AR-Campana-Health-&-Safety-Analyst/1352970600/,"En el Grupo Techint te ofrecemos un espacio de crecimiento profesional, con un plan de capacitaci√≥n adaptado a tus necesidades y la posibilidad de hacer carrera todos los d√≠as. Vas a poder desempe√±arte dentro de equipos que persiguen la excelencia y buscan siempre aprender en conjunto, aportando conocimiento e innovaci√≥n en cada proyectoüöÄ
  Si sos graduado o pr√≥ximo a graduarte de la carrera de Lic. en Seguridad  e Higiene, y tenes disponibilidad para trabajar full time, tenemos una vacante para vos como Health & Safety Analyst para trabajar en nuestra planta de Campana.
  Principales responsabilidades:
  Analizar y dar seguimiento a indicadores de Seguridad y Salud (accidentabilidad, incidentes, desv√≠os, emisiones, residuos, entre otros), elaborando reportes y tableros de control para la toma de decisiones.
Participar en la identificaci√≥n y evaluaci√≥n de riesgos de los procesos productivos, acompa√±ando an√°lisis de tareas cr√≠ticas, cambios de proceso y trabajos no rutinarios.
Investigar incidentes y accidentes, analizando causas ra√≠z, proponiendo acciones correctivas y preventivas, y realizando el seguimiento de su implementaci√≥n.
Colaborar en auditor√≠as internas y externas, verificando el cumplimiento de est√°ndares corporativos Tenaris, normativa legal vigente y mejores pr√°cticas de la industria.
Brindar soporte a la operaci√≥n, trabajando en planta junto a supervisores, l√≠deres y operadores para asegurar la correcta aplicaci√≥n de procedimientos HSE.
Promover la cultura de seguridad, participando en charlas, capacitaciones, campa√±as de concientizaci√≥n y actividades de liderazgo visible en seguridad.
Gestionar documentaci√≥n HSE, incluyendo procedimientos, instructivos, permisos de trabajo, an√°lisis de riesgo y registros legales.
Acompa√±ar proyectos industriales, evaluando impactos en seguridad y salud desde la etapa de dise√±o hasta la implementaci√≥n.
Realizar inspecciones en planta, detectando desv√≠os, proponiendo mejoras y verificando condiciones seguras de trabajo.
Interactuar con √°reas transversales (Producci√≥n, Mantenimiento, Ingenier√≠a, Calidad, RRHH) y con equipos globales de HSE.
  Requisitos:
  Graduado o pr√≥ximo a graduarte de la carrera de Lic. en Seguridad e Higiene
Ingl√©s intermedio
  Tenaris te ofrece la posibilidad de crear algo nuevo e incre√≠ble cada d√≠a.
¬°Te invitamos a que lo descubras, post√∫late!üôå"
Audit Trainee,Tenaris,"AR- Campana, AR",15 dic 2025,https://careers.techint.com/Tenaris/job/AR-Campana-Audit-Trainee/1349725800/,"En el Grupo Techint te ofrecemos un espacio de crecimiento profesional, con un plan de capacitaci√≥n adaptado a tus necesidades y la posibilidad de hacer carrera todos los d√≠as. Vas a poder desempe√±arte dentro de equipos que persiguen la excelencia y buscan siempre aprender en conjunto, aportando conocimiento e innovaci√≥n en cada proyectoüöÄ
  Si est√°s estudiando Contabilidad, Administraci√≥n de Empresas o Ingenier√≠a Industrial, y tenes m√°s del 50% de la carrera aprobada, tenemos una vacante para vos como Audit Trainee para trabajar en nuestra planta de Campana.
  Principales responsabilidades:
- Recolecci√≥n, procesamiento y an√°lisis de datos provenientes de distintos sistemas de informaci√≥n.
- Apoyo en la evaluaci√≥n de controles internos y detecci√≥n de oportunidades de mejora.
- Preparaci√≥n de reportes, visualizaciones y dashboards utilizando Power BI como herramienta principal.
- Colaboraci√≥n en la documentaci√≥n de las auditor√≠as realizadas, los hallazgos y la elaboraci√≥n de informes de auditor√≠a.
  Requisitos:
  Estudiantes de Contabilidad, Administraci√≥n de Empresas o Ingenier√≠a Industrial con el 50% de la carrera aprobada con finales.
Ingl√©s avanzado.
Conocimientos avanzados en Excel.
  Tenaris te ofrece la posibilidad de crear algo nuevo e incre√≠ble cada d√≠a.
¬°Te invitamos a que lo descubras, post√∫late!üôå"
IT Service Desk Analyst,Tecpetrol,"AR- Buenos Aires, AR",30 dic 2025,https://careers.techint.com/Tecpetrol/job/AR-Buenos-Aires-IT-Service-Desk-Analyst/1352477500/,"Tecpetrol busca IT Service Desk Analyst / Soporte OnSite VIP para desempe√±arse en sus oficinas de Buenos Aires.
Se requieren m√°s de 3 a√±os de experiencia brindando Soporte T√©cnico a usuarios finales y en mesa de ayuda, manejando distintas herramientas de IT.
Excelente presencia y personalidad.
  Ser√°n sus funciones principales:
Brindar asistencia de manera On Site y Remota a los Directores, Gerentes y sus Asistentes, convirti√©ndose en su focal point, generando un v√≠nculo de confianza y manteniendo la satisfacci√≥n general acerca de sus servicios en los m√°s altos niveles.
Asistir a los usuarios VIPS en reuniones ocasionales, dentro y fuera de la oficina.
Recambiar sus equipos laborales (laptops, celulares, tablets, etc) cuando sea necesario.
Capacitar y ayudarlos con el change management de aplicaciones, infraestructura y otras funciones cuando sea necesario.
Administrar el ABM de l√≠neas celulares de Tecpetrol SEDE, coordinar recambio de estos.
Administrar el ABM de todo el Hardware de Tecpetrol SEDE a trav√©s de la herramienta de Assets Management.
Registrar todas sus tareas a trav√©s de la herramienta de gesti√≥n de Soporte Jira Service Desk.
Gestionar cambios y mantenimiento de Salas de Reuniones.
Gestionar el alta de los nuevos activos en el Seguro de la empresa.
  Conocimientos espec√≠ficos:
Apple: Conocimiento de configuraci√≥n, migraci√≥n de informaci√≥n y respaldos de celulares iPhone.
Android: Conocimiento de configuraci√≥n, migraci√≥n de informaci√≥n y respaldos de celulares Android.
Windows: Amplio conocimiento y manejo avanzado del SO W10, troubleshooting, implementaci√≥n de im√°genes de SO, conocimientos avanzados de TCP/IP
MS Office: Conocimientos avanzados de Office  365. Manejo avanzado de cliente Outlook, delegaci√≥n de permisos, conocimientos s√≥lidos de Excel y sus funciones, conocimiento de diagn√≥stico.
Mantenimiento y configuraci√≥n de PC/Laptops en general
Conocimiento de administraci√≥n en herramientas Asset management.
Conocimientos de ITIL, se valorar√° la certificaci√≥n.
Seguimiento y monitoreo de tickets de usuarios.
Identificar, analizar y resolver problemas t√©cnicos de conectividad, hardware, software, gestionando en caso de ser necesario las mismas con los segundos niveles de Soporte o con Proveedores.
  Idioma Ingl√©s, ser√° considerado un plus."
Compensations Analyst,Holding,"AR- Buenos Aires, AR",23 dic 2025,https://careers.techint.com/job/AR-Buenos-Aires-Compensations-Analyst/1351776800/,"En Grupo Techint buscamos talentos que quieran desarrollar una carrera con impacto real. El Programa de J√≥venes Profesionales (JP) te ofrece desaf√≠os concretos desde el primer d√≠a, un proyecto propio y acompa√±amiento de referentes del √°rea para acelerar tu aprendizaje.
¬øQu√© buscamos? Que puedas formarte como especialista en Compensaciones, aportando an√°lisis e insights que potencien decisiones clave de Recursos Humanos. Vas a trabajar con datos, procesos y dashboards que se usan a nivel corporativo.
Principales responsabilidades:
Administraci√≥n y seguimiento de las remuneraciones del √°rea corporativa del Grupo Techint. Propuestas para ingresos / incrementos salariales / asignaciones internacionales.
An√°lisis de competitividad vs mercado. Armado de escalas salariales.
Consolidaci√≥n, seguimiento y control de las liquidaciones del personal del exterior.
Armado y control del presupuesto de costo de personal.
Brindar soporte funcional y mantenimiento al sistema interno de compensaciones (validaci√≥n de datos, parametrizaciones b√°sicas y testing de nuevas funcionalidades).
Dise√±ar y mantener reportes en Power BI.
Proyecto JP propio: llevar√°s un proyecto anual con sponsor del √°rea y entregables trimestrales.
Requisitos:
Estar graduado de las carreras de Contador P√∫blico, Administraci√≥n de Empresas y/o Recursos Humanos hace no m√°s de 3 a√±os.
Contar con experiencia en posiciones similares (Deseable).
Excel avanzado (Excluyente) y Power BI (deseable).
Inter√©s por datos, procesos y mejora continua; atenci√≥n al detalle y trazabilidad.
Ingl√©s intermedio (deseable)."
Commercial Analyst,Holding,"AR- Buenos Aires, AR",23 dic 2025,https://careers.techint.com/job/AR-Buenos-Aires-Commercial-Analyst/1351921100/,"üì¢ ¬°En Grupo Techint tenemos una nueva oportunidad laboral! üöÄ 
Estamos en b√∫squeda de Commercial Analyst para sumarse APSOT (la obra social de los empleados fuera de convenio del Grupo Techint).
Para esta posici√≥n, contamos con 3 vacantes para trabajar en:
üìçNeuqu√©n
üìçCampana
üìçCABA
  ‚ú® Condiciones del puesto
Contrato: tiempo indeterminado (efectivo)
Jornada: 40 horas semanales
  üìù Responsabilidades principales
Identificar y contactar potenciales beneficiarios
Brindar informaci√≥n clara y detallada sobre planes, coberturas y beneficios, asegurando una experiencia positiva para el cliente.
Seguimiento de estado de inquietudes de afiliados detectadas en las visitas.
Alcanzar metas trimestrales de ingresos a la obra Social
Elaborar informes de gesti√≥n, an√°lisis de resultados y proyecciones para la toma de decisiones.
  üéì Requisitos
Movilidad propia (Deseable)
Experiencia m√≠nima de 2 a√±os en salud
Capacidad de negociaci√≥n, comunicaci√≥n, empat√≠a y orientaci√≥n a resultados.
Manejo de herramientas (paquete Office)
üëâ Si esta oportunidad es para vos, ¬°postulate!"
Tenaris University Industrial Trainee,Tenaris,"AR- Buenos Aires, AR",29 dic 2025,https://careers.techint.com/Tenaris/job/AR-Buenos-Aires-Tenaris-University-Industrial-Trainee/1352347800/,"En el Grupo Techint te ofrecemos un espacio de crecimiento profesional, con un plan de capacitaci√≥n adaptado a tus necesidades y la posibilidad de hacer carrera todos los d√≠as. Vas a poder desempe√±arte dentro de equipos que persiguen la excelencia y buscan siempre aprender en conjunto, aportando conocimiento e innovaci√≥n en cada proyectoüöÄ
  Si est√°s estudiando Ingenier√≠a Industrial o afines  y tenes m√°s del 50% de la carrera aprobada, tenemos una vacante para vos como Tenaris University Industrial Trainee para trabajar en nuestra planta de Campana.
  Tenaris University ‚Äì Industrial es el √°rea responsable de dise√±ar e implementar programas y estrategias de training a nivel global, para √°reas netamente industriales. Nuestro trabajo incluye definir lineamientos, implementar campa√±as,  acompa√±ar a las regiones en su ejecuci√≥n, monitorear indicadores y brindar soporte en los sistemas utilizados para la gesti√≥n del training.
Los programas m√°s relevantes del √°rea incluyen: Certificaci√≥n en media y alta tensi√≥n, Combusti√≥n, Inspectores de Roscas, Escuelas de Procesos, y programas HSE.
  Requisitos:
  Estudiantes de Ingenier√≠a Industrial con el 50% de la carrera aprobada con finales.
Ingl√©s Intermedio ‚Äì avanzado.
Conocimientos avanzados en Excel.
  Tenaris te ofrece la posibilidad de crear algo nuevo e incre√≠ble cada d√≠a.
¬°Te invitamos a que lo descubras, post√∫late!üôå"
GTP Trainee,Tenaris,"AR- Buenos Aires, AR",22 dic 2025,https://careers.techint.com/Tenaris/job/AR-Buenos-Aires-GTP-Trainee/1351424200/," 
    En el Grupo Techint te ofrecemos un espacio de crecimiento profesional, con un plan de capacitaci√≥n adaptado a tus necesidades y la posibilidad de hacer carrera todos los d√≠as. Vas a poder desempe√±arte dentro de equipos que persiguen la excelencia y buscan siempre aprender en conjunto, aportando conocimiento e innovaci√≥n en cada proyectoüöÄ
  Si est√°s estudiando Lic. en Administraci√≥n de Empresas y/o Ingenier√≠a Industrial, y tenes m√°s del 50% de la carrera aprobada, tenemos una vacante para vos como GTP Trainee para trabajar en en las oficinas de Retiro.
  Principales responsabilidades:
  Liderar y gestionar integralmente el programa de pasant√≠as, asegurando una experiencia de calidad para los participantes y alineaci√≥n con las necesidades del negocio. Impulsar la mejora continua del proceso y contribuir a la detecci√≥n temprana de talento.
  ‚Ä¢     Coordinar el ciclo completo del programa de pasant√≠as, incluyendo onboarding, seguimiento y salida de pasantes.
‚Ä¢     Gestionar renovaciones de contrato y asegurar cumplimiento de plazos.
‚Ä¢     Mantener comunicaci√≥n fluida con HRBPs y l√≠deres de √°rea para garantizar la correcta gesti√≥n del programa.
‚Ä¢     Gestionar casos cr√≠ticos.
‚Ä¢     Coordinar el proceso de evaluaci√≥n de desempe√±o y asegurar su correcta ejecuci√≥n.
‚Ä¢     Identificar talento con potencial y proponer acciones para su desarrollo.
‚Ä¢     Analizar m√©tricas del programa y proponer mejoras en procesos y herramientas.
‚Ä¢     Implementar iniciativas orientadas a optimizar la experiencia y eficiencia del programa, adem√°s de networking entre pasantes.
‚Ä¢     Generar reportes y dashboards para seguimiento de KPIs del programa.
  Requisitos:
  Estudiantes de carrera Lic. en Administraci√≥n de Empresas y/o Ingenier√≠a Industrial con 50% de la carrera aprobada con finales.
Ingl√©s Intermedio/Avanzado.
Inter√©s en desarrollarse en HR.
  Tenaris te ofrece la posibilidad de crear algo nuevo e incre√≠ble cada d√≠a.
¬°Te invitamos a que lo descubras, post√∫late!üôå
 "
Safety Operations Specialist,Tecpetrol,"AR- Buenos Aires, AR",17 dic 2025,https://careers.techint.com/Tecpetrol/job/AR-Buenos-Aires-Safety-Operations-Specialist/1302640900/,"¬°√önete a nuestro equipo en Tecpetrol como Safety Operations Specialist!
  ¬øEst√°s buscando un desaf√≠o emocionante en el sector petrolero? ¬°Esta es tu oportunidad! Estamos buscando un profesional apasionado y experimentado para unirse a nuestro equipo en el puesto de Safety Operations Specialist. 
    ¬øCu√°les ser√°n tus responsabilidades?
Integrar el equipo Corporativo encargado de la Gesti√≥n de la Seguridad Operativa en nuestra compa√±ia.
Te encargar√°s de revisar y actualizar nuestros Est√°ndares de Seguridad Cr√≠ticos del Sistema de Gesti√≥n.
Implementar√°s programas para fomentar una cultura de seguridad, incluyendo el an√°lisis de factores humanos y organizacionales.
Realizar√°s an√°lisis de seguridad operativa durante el dise√±o y la implementaci√≥n de nuevas instalaciones.
Revisar√°s los aspectos de seguridad de nuestros procedimientos operativos.
Gestionar√°s a nuestros contratistas, evaluando las competencias del personal en roles clave.
Realizar√°s auditor√≠as del Sistema de Gesti√≥n de Seguridad, Ambiente y Salud.
Fortalecer√°s nuestro proceso de disciplina operativa en todas nuestras operaciones.
  ¬øQu√© habilidades necesitas? Necesitar√°s tener estudios terminados en Ingenier√≠a o Seguridad,comunicaci√≥n efectiva y una personalidad marcada para tener √©xito en este rol.
Se requiere disponibilidad para realizar viajes.
  Lugar de trabajo: Capital Federal, Buenos Aires.
    ""En la energ√≠a est√° nuestra raz√≥n de ser. En explorarla, descubrirla, producirla, transportarla y distribuirla, impulsando proyectos que contribuyen al desarrollo de los pa√≠ses de Am√©rica Latina en los que operamos. Porque donde hay un desaf√≠o energ√©tico, est√° Tecpetrol.""
Informaci√≥n:
Formaci√≥n requerida: Higiene y Seguridad; Ing. Civil; Ing. Electricista; Ing. Electromec√°nica; Ing. Electr√≥nica; Ing. El√©ctrica; Ing. Industrial; Ing. Mec√°nica; Ing. Qu√≠mica; Ing. en Petr√≥leo 
A√±os de experiencia: M√≠nimo 7 a√±os de experiencia. Con experiencia comprobable en campo en la gesti√≥n de los aspectos espec√≠ficos relacionados con la seguridad tanto en las actividades de O&M como en Ingenier√≠a / Obra (construcci√≥n). 
Sector: HSE 
Responsable directo: PRIETO Guillermo 
Lugar de trabajo:  
Pa√≠s de trabajo: Argentina (AR) 
 "
Database Technology & Support Trainee,Tenaris,"AR- Buenos Aires, AR",16 dic 2025,https://careers.techint.com/Tenaris/job/AR-Buenos-Aires-Database-Technology-&-Support-Trainee/1350025300/," 
    En el Grupo Techint te ofrecemos un espacio de crecimiento profesional, con un plan de capacitaci√≥n adaptado a tus necesidades y la posibilidad de hacer carrera todos los d√≠as. Vas a poder desempe√±arte dentro de equipos que persiguen la excelencia y buscan siempre aprender en conjunto, aportando conocimiento e innovaci√≥n en cada proyectoüöÄ
  Si est√°s estudiando Lic. en Ciencias de la Computaci√≥n, Ing. en Computaci√≥n y/o Ing. en Inform√°tica, y tenes m√°s del 50% de la carrera aprobada, tenemos una vacante para vos como Database Technology & Support Trainee para trabajar en las oficinas de Retiro.
  Principales responsabilidades:
  Brindar soporte en proyectos de implementaci√≥n de nuevas tecnolog√≠as y en la mejora de la infraestructura existente, asegurando que las soluciones de IT est√©n alineadas con los est√°ndares y estrategias corporativas, y garanticen la disponibilidad, seguridad y performance de la informaci√≥n.
  Administrar y mantener servidores de bases de datos.
Brindar soporte t√©cnico en la implementaci√≥n de nuevas tecnolog√≠as.
Participar y colaborar en proyectos de TI.
Garantizar la disponibilidad, seguridad y rendimiento de las bases de datos.
  Requisitos:
  Estudiantes de carrera de Lic. en Ciencias de la Computaci√≥n, Ing. en Computaci√≥n y/o Ing. en Inform√°tica, con el 50% de la carrera aprobada con finales.
Ingl√©s Intermedio.
    Tenaris te ofrece la posibilidad de crear algo nuevo e incre√≠ble cada d√≠a.
¬°Te invitamos a que lo descubras, post√∫late!üôå
 "
IT BUSINESS SOLUTIONS TRAINEE,Tenaris,"AR- Buenos Aires, AR",16 dic 2025,https://careers.techint.com/Tenaris/job/AR-Buenos-Aires-IT-BUSINESS-SOLUTIONS-TRAINEE/1350030400/," 
    En el Grupo Techint te ofrecemos un espacio de crecimiento profesional, con un plan de capacitaci√≥n adaptado a tus necesidades y la posibilidad de hacer carrera todos los d√≠as. Vas a poder desempe√±arte dentro de equipos que persiguen la excelencia y buscan siempre aprender en conjunto, aportando conocimiento e innovaci√≥n en cada proyectoüöÄ
  Si est√°s estudiando Ing. en Sistemas y/o Ing. Industrial, y tenes m√°s del 50% de la carrera aprobada, tenemos una vacante para vos como IT BUSINESS SOLUTIONS TRAINEE para trabajar en las oficinas de Retiro.
  Principales responsabilidades:
  Participar en reuniones de relevamiento de procesos de negocio.
Colaborar en la definici√≥n de dise√±os funcionales de soluciones en SAP y herramientas internas de Tenaris.
Realizar tareas de testing y acompa√±ar la implementaci√≥n de las soluciones.
Brindar capacitaci√≥n y soporte a usuarios de las distintas regiones donde se implementen las herramientas.
Acompa√±ar la adopci√≥n de soluciones vinculadas al modelo comercial y/o log√≠stico de la compa√±√≠a.
  Requisitos:
  Estudiantes de carrera de Ing. en Sistemas y/o Ing. Industrial, con el 50% de la carrera aprobada con finales.
Ingl√©s avanzado.
    Tenaris te ofrece la posibilidad de crear algo nuevo e incre√≠ble cada d√≠a.
¬°Te invitamos a que lo descubras, post√∫late!üôå
 "
Audit Trainee 2,Tenaris,"AR- Buenos Aires, AR",16 dic 2025,https://careers.techint.com/Tenaris/job/AR-Buenos-Aires-Audit-Trainee-2/1350032800/," 
    En el Grupo Techint te ofrecemos un espacio de crecimiento profesional, con un plan de capacitaci√≥n adaptado a tus necesidades y la posibilidad de hacer carrera todos los d√≠as. Vas a poder desempe√±arte dentro de equipos que persiguen la excelencia y buscan siempre aprender en conjunto, aportando conocimiento e innovaci√≥n en cada proyectoüöÄ
  Si est√°s estudiando Ciencias Econ√≥micas, Ing. Industrial y/o IT, y tenes m√°s del 50% de la carrera aprobada, tenemos una vacante para vos como Audit Trainee 2 para trabajar en las oficinas de Retiro.
  Principales responsabilidades:
  Asistir en el armado y actualizaci√≥n de materiales de capacitaci√≥n.
Colaborar en investigaciones y an√°lisis del sector.
Apoyar en la actualizaci√≥n de pol√≠ticas internas y en la realizaci√≥n de benchmarks.
Dar seguimiento a campa√±as de comunicaci√≥n del √°rea.
Participar en el desarrollo y ejecuci√≥n de proyectos del sector
  Requisitos:
  Estudiantes de carrera de Ciencias Econ√≥micas, Ing. Industrial y/o IT, con el 50% de la carrera aprobada con finales.
Ingl√©s avanzado.
    Tenaris te ofrece la posibilidad de crear algo nuevo e incre√≠ble cada d√≠a.
¬°Te invitamos a que lo descubras, post√∫late!üôå"
Accounting Analyst,Tecpetrol,"AR- Buenos Aires, AR",30 dic 2025,https://careers.techint.com/Tecpetrol/job/AR-Buenos-Aires-Accounting-Analyst/1346487800/,"Tecpetrol busca graduados de carreras de Contador P√∫bico para desempe√±arse en la Direcci√≥n de Administraci√≥n y Finanzas, en sus oficinas ubicadas en CABA.
  Principales responsabilidades:
An√°lisis de cuentas
Conciliaciones
Emisi√≥n de reportes contables
Controles presupuestarios
Control de gesti√≥n
Reportes a socios
Armado de balances
  Requisitos: 
‚Ä¢    Graduados de carreras de Contador P√∫blico.
‚Ä¢    Residencia en AMBA
    ¬øTe gusta el desaf√≠o?
  ¬°Postulate!
Informaci√≥n:
Formaci√≥n requerida: Contabilidad 
A√±os de experiencia: Se valorar√° conocimiento de SAP. Excluyente que est√© recibido y con experiencia previa en tareas similares al puesto. 
Sector: Contabilidad 
Responsable directo: Pablo Fabregues 
Lugar de trabajo: Della Paolera 299 
Pa√≠s de trabajo: Argentina (AR) 
 "
Health & Safety Supervisor,Tecpetrol,"AR- Rinc√≥n de los Sauces, AR",2 ene 2026,https://careers.techint.com/Tecpetrol/job/AR-Rinc%C3%B3n-de-los-Sauces-Health-&-Safety-Supervisor/1340459100/,"Energy Field Services busca Health & Safety Supervisor para desempe√±arse en Yacimiento Los Toldos II Este, bajo r√©gimen lunes a viernes.
Objetivo del rol:
Garantizar el cumplimiento de los est√°ndares de seguridad establecidos por Tecpetrol en los servicios de O&M, promoviendo una cultura de prevenci√≥n, mejora continua y cumplimiento normativo.
Principales responsabilidades:
Supervisar y controlar el cumplimiento de los est√°ndares de seguridad, salud y ambiente en las operaciones de O&M.
Verificar la correcta aplicaci√≥n de la normativa legal vigente, est√°ndares corporativos y requisitos contractuales.
Realizar auditor√≠as, inspecciones y evaluaciones de riesgo en los servicios propios y contratados.
Capacitar y asesorar al personal propio y contratistas en materia de seguridad e higiene.
Elaborar informes de gesti√≥n, indicadores y planes de acci√≥n correctiva y preventiva.
Participar en investigaciones de incidentes y promover medidas de mejora.
Gestionar proveedores y contratistas, asegurando el cumplimiento de requisitos HSE.
Coordinar reuniones peri√≥dicas con contratistas y seguimiento de indicadores.
Impulsar campa√±as de concientizaci√≥n y cultura de seguridad.
Requisitos:
Formaci√≥n t√©cnica o profesional en Seguridad e Higiene.
Experiencia m√≠nima de 5 a√±os en posiciones similares.
Conocimiento de legislaci√≥n nacional y normas ISO aplicables.
Manejo avanzado de herramientas inform√°ticas y sistemas de gesti√≥n.
Dominio de Power BI para an√°lisis de indicadores.
Habilidades de liderazgo, comunicaci√≥n y trabajo en equipo.
üìç Sector: Seguridad, Ambiente y Salud
üìå Localidad: Rinc√≥n de los Sauces"
